Domain,Page
msn.com,http://0.r.msn.com/?ld=7vJG7uUVr4nrz2-AZRMkxNXTVUCUxXRHIafdRitOiLvPLfONBvzOOkA4b1Ru_GQ9CtbvGHOlBinkdaWHWemp-jdIj0QQ_jDink7eJUWSlyu6oHoh2-usRi5DSnfEzhQiqwFEkAjw&u=www.verragio.com
msn.com,http://0.r.msn.com/?ld=7vX3GIc9KTD2Qj6B5AFaguezVUCUylYw1hnFWX_dmxcq2qYUFlqR0X_LquJ_nh6q0s19MEYHZAjDcrdadsWbgz9k8hTCb58Jrqmkx3Bh8hKDLH2aVoqKws2xWkOUIw1dbeuZ9Bfg&u=martindoor.com%2F
msn.com,http://0.r.msn.com/?ld=7vb6nalIEvqgRp12pDMLUvMDVUCUy-ZskB47b1xzoYKxgRi9J_dJbPSDgiPL67EVB-OFOSFNcDYJNP66LyYhZx6f0loAZhhR-qaXWGUkdUOACjNTRLrByUt6dAYDcWzAsriBosaQ&u=www.verragio.com
091labs.com,http://091labs.com/tag/legality/
091labs.com,http://091labs.com/tag/introduction/
091labs.com,http://091labs.com/tag/unity/
091labs.com,http://091labs.com/tag/event/
091labs.com,http://091labs.com/tag/photoshop/
091labs.com,http://091labs.com/tag/ubuntu/
wpmisc.com,http://wpmisc.com
091labs.com,http://091labs.com/tag/091-labs/
091labs.com,http://091labs.com/contact/
wordpress.org,http://wordpress.org
091labs.com,http://091labs.com/tag/hackerspace-week/
091labs.com,http://091labs.com/tag/galway/
rightpriceink.ie,http://rightpriceink.ie
091labs.com,http://091labs.com/membership/
theknittingclub.net,http://theknittingclub.net/
091labs.com,http://091labs.com/tag/091/
091labs.com,http://091labs.com/tag/arduino/
091labs.com,http://091labs.com/tag/android/
091labs.com,http://091labs.com/tag/update/
091labs.com,http://091labs.com/tag/workshop/
milklabs.ie,http://www.milklabs.ie
tog.ie,http://tog.ie/
091labs.com,http://091labs.com/tag/python/
091labs.com,http://091labs.com/tag/learning/
091labs.com,http://091labs.com/about/
google.com,http://groups.google.com/group/hackerspace-cork
091labs.com,http://091labs.com/
091labs.com,http://091labs.com/tag/semantic-web/
Hackerspaces.org,http://Hackerspaces.org
091labs.com,http://091labs.com/2010/11/devils-advocate-the-microsoft-kinect-hacks/
091labs.com,http://091labs.com/tag/tog/
091labs.com,http://091labs.com/tag/processing/
twitter.com,http://www.twitter.com/091labs
091labs.com,http://091labs.com/tag/gaming/
091labs.com,http://091labs.com/tag/computer/
091labs.com,http://091labs.com/tag/moving-2/
091labs.com,http://091labs.com/tag/ignite-galway/
091labs.com,http://091labs.com/payments/
091labs.com,http://091labs.com/feed/
091labs.com,http://091labs.com/tag/talk/
facebook.com,http://www.facebook.com/091labs
091labs.com,http://091labs.com/tag/linux-2/
091labs.com,http://091labs.com/tag/programming/
091labs.com,http://091labs.com/tag/electronics/
091labs.com,http://091labs.com/tag/movie/
farsetlabs.org.uk,http://www.farsetlabs.org.uk/
091labs.com,http://091labs.com/tag/hackerspace/
091labs.com,http://091labs.com/events/
091labs.com,http://091labs.com/tag/091labs/
youtube.com,http://www.youtube.com/user/NUIMMakersClub
091labs.com,http://091labs.com/tag/photography/
091labs.com,http://091labs.com/tag/events-2/
091labs.com,http://091labs.com/tag/class/
091labs.com,http://091labs.com/about/constitution/
091labs.com,http://091labs.com/author/mark/
091labs.com,http://091labs.com/tag/lan/
091labs.com,http://091labs.com/tag/labs/
091labs.com,http://091labs.com/tag/ignite/
091labs.com,http://091labs.com/committee/
091labs.com,http://091labs.com/tag/photowalk/
091labs.com,http://091labs.com/tag/meetup/
091labs.com,http://091labs.com/tag/tedxgalway/
091labs.com,http://091labs.com/tag/game-development/
091labs.com,http://091labs.com/tag/poster/
091labs.com,http://091labs.com/tag/workshops/
091labs.com,http://091labs.com/tag/club/
boards.ie,http://www.boards.ie/091labs
091labs.com,http://091labs.com/tag/hackathon/
091labs.com,http://091labs.com/tag/meeting-2/
lightboxlab.ie,http://www.lightboxlab.ie/
091labs.com,http://091labs.com/tag/unity3d/
hackni.org,http://www.hackni.org/
chu.jp,http://1-2-3.chu.jp/
blogspot.com,http://1.bp.blogspot.com/-ckQFkinHc2k/UGR1OvYoBZI/AAAAAAAAJQs/Llib5MHzo6w/s1600/Real+GDP+vs+3%25+trend
